{
  "Logistic Regression": {
    "accuracy": 0.825347066726377,
    "precision": 0.8317120622568094,
    "recall": 0.7975746268656716,
    "f1": 0.8142857142857143,
    "roc_auc": 0.9047832542712791
  },
  "Random Forest": {
    "accuracy": 0.8562472010747872,
    "precision": 0.8016064257028113,
    "recall": 0.9309701492537313,
    "f1": 0.861458782908934,
    "roc_auc": 0.9196523840744597
  }
}