model,accuracy,precision,recall,f1,roc_auc
Logistic Regression (Baseline),0.825347066726377,0.8317120622568094,0.7975746268656716,0.8142857142857143,0.9047832542712791
Random Forest (Advanced),0.8562472010747872,0.8016064257028113,0.9309701492537313,0.861458782908934,0.9196523840744597
