{
  "Logistic Regression": {
    "accuracy": 0.8307210031347962,
    "precision": 0.8460019743336624,
    "recall": 0.794253938832252,
    "f1": 0.8193116634799236,
    "roc_auc": 0.9049612662086822
  },
  "Random Forest": {
    "accuracy": 0.8638602776533811,
    "precision": 0.8072957969865187,
    "recall": 0.943466172381835,
    "f1": 0.8700854700854701,
    "roc_auc": 0.9230536330095747
  }
}