model,accuracy,precision,recall,f1,roc_auc
Logistic Regression (Baseline),0.8307210031347962,0.8460019743336624,0.794253938832252,0.8193116634799236,0.9049612662086822
Random Forest (Advanced),0.8638602776533811,0.8072957969865187,0.943466172381835,0.8700854700854701,0.9230536330095747
